_Id	_TagName	_Count	_ExcerptPostId	_WikiPostId
2	generalization	35	17536	17535
4	neurons	25	6022	6021
8	intelligent-agent	65	1765	1764
9	philosophy	179	2551	2550
12	fuzzy-logic	24	252	251
13	neural-networks	2276	1555	1554
14	image-recognition	276	1557	1556
15	turing-test	30	1282	1281
17	narrow-ai	9	7312	7311
18	definitions	195	1637	1636
19	singularity	21	6064	6063
22	overfitting	88	5691	5690
23	optimization	199	5675	5674
25	emotional-intelligence	30	1802	1801
26	genetic-algorithms	165	1661	1660
27	machine-learning	2040	1344	1343
32	terminology	374	5140	5139
34	markov-chain	16	6133	6132
36	performance	55	5996	5995
37	hidden-layers	49	5664	5663
39	history	54	1566	1565
44	models	100	4638	4637
46	legal	17	6078	6077
47	programming-languages	28	1278	1277
48	lisp	4	1721	1720
50	statistical-ai	48	6013	6012
53	heuristics	42	2686	2685
54	search	147	2608	2607
55	chess	51	1669	1668
56	comparison	429	1693	1692
58	unsupervised-learning	118	1652	1651
65	agi	175	1331	1330
66	declarative-programming	3	260	259
69	symbolic-computing	7	6513	6512
70	algorithm	120	1276	1275
73	decision-theory	21	5923	5922
74	incompleteness-theorems	6	257	256
77	boltzmann-machine	9	21260	21259
81	efficiency	21	6494	6493
83	hypercomputation	2	undefined	undefined
84	recurrent-neural-networks	326	5142	5141
86	halting-problem	3	undefined	undefined
87	training	401	1647	1646
88	deep-learning	1754	2533	2532
89	convolutional-neural-networks	1044	1793	1792
90	deepdream	2	1675	1674
92	neural-doodle	2	undefined	undefined
94	math	224	5611	5610
95	pattern-recognition	63	5662	5661
99	computer-vision	433	5877	5876
102	quantum-computing	11	1804	1803
103	handwritten-characters	7	195	194
109	natural-language-processing	605	1680	1679
112	classification	410	1767	1766
113	knowledge-representation	43	5921	5920
114	time	3	5701	5700
115	embodied-cognition	4	18652	18651
119	intelligence-testing	32	1800	1799
120	ethics	42	5144	5143
121	research	126	1634	1633
122	chat-bots	64	2465	2464
123	human-inspired	11	6484	6483
124	text-summarization	21	13962	13961
126	watson	9	1586	1585
127	storage	8	6337	6336
128	lexical-recognition	2	1284	1283
131	cyborg	2	6062	6061
135	hardware	23	5732	5731
136	problem-solving	26	263	262
138	backpropagation	230	4662	4661
139	computational-learning-theory	70	15483	15482
140	artificial-neuron	50	5609	5608
141	signal-processing	31	5635	5634
146	implementation	106	5734	5733
150	applications	185	5882	5881
155	ai-design	258	5533	5532
166	optical-character-recognition	32	5948	5947
172	gradient-descent	186	2017	2016
177	robots	17	1474	1473
180	architecture	76	5366	5365
181	prediction	119	5631	5630
187	friendly-ai	2	13287	13286
188	death	5	1817	1816
189	reinforcement-learning	2135	3869	3868
194	healthcare	13	5809	5808
197	biology	28	3611	3610
198	deep-blue	4	undefined	undefined
199	social	57	4904	4903
200	reasoning	14	undefined	undefined
201	multi-agent-systems	49	13354	13353
202	minimax	67	4546	4545
203	game-theory	57	1550	1549
206	datasets	239	5480	5479
208	real-time	14	undefined	undefined
210	linear-regression	59	5633	5632
214	action-recognition	13	5999	5998
220	gaming	22	1543	1542
221	branching-factors	12	24486	24485
222	deepmind	24	31966	31965
228	genetic-programming	26	1511	1510
229	cyberterrorism	3	6060	6059
230	ai-security	17	5946	5945
232	control-problem	28	5146	5145
234	prolog	6	5640	5639
236	evolutionary-algorithms	121	2652	2651
239	computer-programming	8	1564	1563
240	object-recognition	104	5677	5676
242	keras	235	1573	1572
249	learning-algorithms	42	5556	5555
251	path-planning	19	9149	9148
252	robotics	38	6058	6057
266	asimovs-laws	5	1673	1672
270	nasa	4	5687	5686
272	deepdreaming	3	1677	1676
273	computational-linguistics	16	1682	1681
274	structured-data	13	1684	1683
276	voice-recognition	18	5935	5934
282	reference-request	450	5545	5544
283	logic	47	5679	5678
284	thought-vectors	5	16298	16297
285	ai-box	4	13708	13707
287	human-like	43	5660	5659
288	cognitive-science	20	6201	6200
292	tensorflow	315	4501	4500
295	expert-systems	16	16249	16248
301	swarm-intelligence	20	5311	5310
303	game-ai	236	4503	4502
306	google	18	3609	3608
315	linear-algebra	30	5913	5912
317	combinatorics	7	6024	6023
318	dropout	26	12132	12131
319	ai-safety	24	5911	5910
320	value-alignment	5	undefined	undefined
322	go	10	4505	4504
330	neo-luddism	9	4811	4810
332	superintelligence	31	4017	4016
333	htm	4	4057	4056
334	combinatorial-games	21	4105	4104
335	imperfect-information	9	4107	4106
336	incomplete-information	5	4109	4108
338	poker	7	4206	4205
339	deepstack	2	4204	4203
342	perceptron	51	5644	5643
344	knapsack-problem	3	4406	4405
346	negamax	3	4544	4543
347	artificial-consciousness	28	4540	4539
348	sentience	6	4542	4541
349	scene-classification	3	4689	4688
351	facial-recognition	50	4702	4701
352	getting-started	11	4800	4799
353	python	308	4802	4801
354	ai-basics	15	4804	4803
355	automation	11	4809	4808
356	ai-takeover	4	4807	4806
357	fitness-functions	28	4813	4812
358	q-learning	346	4815	4814
363	graphs	44	5391	5390
364	software-evaluation	9	4981	4980
366	path-finding	15	5032	5031
368	hardware-evaluation	9	5128	5127
369	matlab	21	5184	5183
370	data-science	51	5182	5181
372	alphago	26	6843	6842
373	self-replicating-machines	5	5219	5218
375	alphazero	61	6036	6035
377	brain	21	5642	5641
379	r	8	5305	5304
381	genes	1	5750	5749
385	neat	71	5525	5524
386	generative-model	112	5564	5563
387	javascript	6	5613	5612
389	time-complexity	31	10796	10795
392	java	9	5828	5827
393	c++	10	5830	5829
397	art-aesthetics	3	5786	5785
398	ai-field	18	5788	5787
401	open-source	3	5824	5823
403	sentiment-analysis	26	6364	6363
404	self-play	15	5897	5896
408	early-stopping	9	6348	6347
409	regularization	51	6362	6361
412	word2vec	28	6107	6106
414	autoencoders	121	6147	6146
415	mythology-of-ai	10	6160	6159
416	decision-trees	43	6181	6180
417	chinese-room-argument	8	6226	6225
418	semantics	14	6354	6353
419	rationality	4	6358	6357
420	intelligence	11	6360	6359
423	open-ai	68	6350	6349
424	self-awareness	9	6373	6372
427	academia	30	6652	6651
432	self-organizing-map	4	6747	6746
433	digital-rights	3	undefined	undefined
434	dqn	297	6829	6828
435	alphago-zero	28	6845	6844
436	google-cloud	2	undefined	undefined
440	profession	3	6958	6957
441	topology	12	7319	7318
445	graph-theory	20	7093	7092
446	alpha-beta-pruning	38	7163	7162
449	support-vector-machine	54	7212	7211
452	autonomous-vehicles	49	9295	9294
454	checkers	8	21139	21138
455	activation-functions	150	9341	9340
456	relu	47	7283	7282
457	monte-carlo-tree-search	102	7285	7284
458	risk-management	4	9473	9472
460	dimensionality	9	undefined	undefined
462	generative-adversarial-networks	218	8897	8896
463	convergence	81	12693	12692
465	categorical-data	16	undefined	undefined
466	automated-theorem-proving	8	8446	8445
467	long-short-term-memory	260	16197	16196
468	attention	104	8450	8449
469	sequence-modeling	58	36862	36861
473	resource-request	52	7502	7501
474	value-iteration	43	13138	13137
476	breadth-first-search	16	7567	7566
477	discount-factor	23	7586	7585
478	sigmoid	30	7669	7668
479	survival	3	undefined	undefined
480	simple-reflex-agents	3	undefined	undefined
481	neuromorphic-engineering	11	7823	7822
483	feature-selection	42	13227	13226
486	objective-functions	244	13253	13252
487	speech-synthesis	12	8454	8453
488	spiking-neural-networks	7	8452	8451
492	hyper-parameters	83	16308	16307
495	embedded-design	3	8316	8315
496	quality-control	2	8314	8313
497	reward-clipping	3	8444	8443
499	audio-processing	35	25118	25117
504	collision-avoidance	1	9291	9290
505	ai-development	3	undefined	undefined
507	goal-based-agents	7	8727	8726
508	utility-based-agents	5	8725	8724
515	symbolic-ai	28	8834	8833
519	rule-acquisition	1	9266	9265
521	mapping-space	3	undefined	undefined
522	proofs	107	9289	9288
524	markov-decision-process	177	16186	16185
525	finite-markov-decision-process	6	undefined	undefined
526	random-variable	20	13066	13065
527	probability-distribution	74	9260	9259
528	latent-variable	16	undefined	undefined
530	a-star	35	10853	10852
531	maximum-likelihood	11	30434	30433
533	forecasting	25	9258	9257
535	papers	308	10768	10767
536	active-learning	7	13058	13057
539	greedy-ai	5	9488	9487
544	image-generation	56	25607	25606
545	machine-translation	39	13305	13304
547	memory	10	undefined	undefined
550	policy-gradients	172	11315	11314
551	rewards	116	11089	11088
554	artificial-life	7	9800	9799
555	distributed-computing	5	undefined	undefined
556	integration	3	undefined	undefined
558	deepfakes	17	14318	14317
559	meta-rules	2	undefined	undefined
561	feature-extraction	49	13229	13228
569	planning	21	10753	10752
570	artificial-creativity	7	10755	10754
574	blockchain	4	33908	33907
575	pytorch	163	10751	10750
576	education	15	13054	13053
577	experience-replay	47	10749	10748
578	actor-critic-methods	105	10747	10746
580	stochastic-policy	10	10718	10717
581	deterministic-policy	11	10745	10744
582	on-policy-methods	30	10708	10707
583	off-policy-methods	61	10710	10709
584	policies	75	10681	10680
585	norvig-russell	32	10677	10676
586	deep-rl	433	10679	10678
587	sutton-barto	80	10657	10656
588	algorithmic-trading	16	10544	10543
589	markov-property	19	10714	10713
590	atari-games	13	10763	10762
591	gpu	22	17320	17319
597	value-functions	99	10761	10760
598	return	25	10667	10666
599	environment	61	10696	10695
600	monte-carlo-methods	76	10673	10672
601	temporal-difference-methods	68	10671	10670
602	pomdp	37	10600	10599
603	expectation	25	10700	10699
604	prioritized-sweeping	4	undefined	undefined
605	gym	54	10669	10668
606	semi-mdp	8	10665	10664
607	notation	67	10692	10691
608	proximal-policy-optimization	90	13469	13468
609	optimal-policy	13	10716	10715
610	model-based-methods	33	10688	10687
611	model-free-methods	19	10690	10689
612	eligibility-traces	15	10694	10693
613	dyna	5	12904	12903
614	supervised-learning	92	10633	10632
615	self-supervised-learning	22	10706	10705
616	advantage-actor-critic	17	10757	10756
617	reinforce	56	10655	10654
618	bayesian-networks	28	10712	10711
619	hierarchical-rl	10	10759	10758
620	data-mining	10	11608	11607
621	calculus	23	10766	10765
622	policy-iteration	31	10770	10769
623	stationary-policy	5	13090	13089
624	simulated-annealing	10	10787	10786
625	sarsa	42	10801	10800
626	expected-sarsa	3	10803	10802
627	expectation-maximization	3	10805	10804
628	satisfiability	2	10884	10883
629	constraint-satisfaction-problems	30	10886	10885
630	importance-sampling	37	21861	21860
631	dynamic-programming	21	10878	10877
633	crossover-operators	23	10874	10873
634	mutation-operators	15	10876	10875
635	hill-climbing	19	10880	10879
636	local-search	10	11180	11179
639	geometric-deep-learning	73	11168	11167
640	convolution	82	13611	13610
641	anomaly-detection	25	16310	16309
643	linear-programming	7	11248	11247
644	clustering	48	11829	11828
645	k-means	17	13155	13154
648	causation	5	11863	11862
649	dimensionality-reduction	20	11423	11422
650	curse-of-dimensionality	4	11425	11424
651	metric	37	20876	20875
652	meta-learning	31	16822	16821
653	recommender-system	39	12383	12382
654	ddpg	61	11647	11646
655	journalism	2	11657	11656
659	function-approximation	79	11827	11826
660	open-cog	3	11688	11687
661	logistic-regression	30	29981	29980
663	hebbian-learning	7	11797	11796
665	incremental-learning	29	11859	11858
666	online-learning	24	11861	11860
668	word-embedding	75	11855	11854
669	glove	3	11857	11856
670	naive-bayes	21	12385	12384
671	aixi	5	11893	11892
672	bayes-theorem	12	11898	11897
673	action-model-learning	1	11917	11916
674	control-theory	11	11919	11918
676	state-of-the-art	30	11970	11969
677	ai-hoaxes	1	12057	12056
678	ontology	12	12074	12073
680	random-forests	20	12381	12380
681	conditional-probability	10	12379	12378
682	image-segmentation	102	12106	12105
684	transfer-learning	67	12109	12108
686	liquid-state-machine	1	12387	12386
687	ai-completeness	5	12149	12148
689	time-series	127	12375	12374
690	features	58	12200	12199
691	semi-supervised-learning	20	12377	12376
692	similarity	16	undefined	undefined
693	software-development	2	23705	23704
694	black-box	4	12329	12328
695	games-of-chance	11	12333	12332
696	cross-validation	40	12338	12337
697	underfitting	9	12373	12372
698	regression	120	12393	12392
699	branch-and-bound	1	12932	12931
700	data-visualization	7	30256	30255
701	neural-architecture-search	13	12437	12436
702	hyperparameter-optimization	108	12439	12438
704	ant-colony-optimization	9	12547	12546
706	rts	2	12707	12706
707	benchmarks	11	12709	12708
709	economics	3	12819	12818
710	probability	55	12852	12851
711	object-detection	205	13033	13032
713	explainable-ai	44	12868	12867
714	hidden-markov-model	16	12877	12876
715	image-processing	144	13012	13011
716	automated-reasoning	5	13021	13020
717	pretrained-models	24	21306	21305
719	business	1	13073	13072
721	complexity-theory	6	13105	13104
722	data-preprocessing	147	13113	13112
724	representation-learning	33	13225	13224
725	neuroevolution	62	13250	13249
727	catastrophic-forgetting	12	13295	13294
728	batch-normalization	45	17322	17321
730	probabilistic-graphical-models	14	32252	32251
731	conditional-random-field	5	undefined	undefined
732	learning-curve	6	undefined	undefined
735	scikit-learn	20	13486	13485
736	gradient-boosting	13	13484	13483
737	hopfield-network	5	13514	13513
738	cognitive-architecture	4	13533	13532
740	strips	4	13537	13536
744	scalability	4	13665	13664
745	computational-complexity	30	13714	13713
747	randomness	12	13728	13727
748	computation	2	undefined	undefined
749	algorithmic-bias	13	13872	13871
758	pac-learning	14	15494	15493
759	futurism	3	15520	15519
760	federated-learning	7	undefined	undefined
761	inference	13	undefined	undefined
762	exploding-gradient-problem	8	16103	16102
764	no-free-lunch-theorems	5	15653	15652
765	bias-variance-tradeoff	14	17739	17738
766	derivative	15	undefined	undefined
768	adversarial-ml	30	15829	15828
769	variational-autoencoder	93	15827	15826
773	homework	20	24837	24836
774	learning-rate	31	15881	15880
775	captcha	5	15892	15891
776	residual-networks	30	15909	15908
777	expectiminimax	5	15923	15922
778	plotting	3	undefined	undefined
779	loss	62	26057	26056
780	weights	83	24598	24597
781	utility	3	16049	16048
782	ai-winter	5	16064	16063
783	bayesian-probability	9	16090	16089
785	grammar-induction	1	16193	16192
786	bert	80	16195	16194
787	transformer	177	16199	16198
788	language-model	26	16203	16202
789	gpt	34	16201	16200
790	gated-recurrent-unit	16	16232	16231
791	vc-dimension	19	16290	16289
792	vc-theory	9	16287	16286
793	ai-milestones	3	16301	16300
796	human-computer-interaction	4	16321	16320
797	feedforward-neural-networks	82	16340	16339
798	multilayer-perceptrons	66	16326	16325
799	bleu	5	16356	16355
800	affective-computing	8	18494	18493
801	admissible-heuristic	14	16403	16402
802	consistent-heuristic	10	16405	16404
803	automated-machine-learning	4	16386	16385
804	cross-entropy	32	16389	16388
805	speech-recognition	22	16400	16399
806	uniform-cost-search	9	16407	16406
807	graph-search	5	16410	16409
808	best-first-search	7	16412	16411
809	tree-search	9	16414	16413
811	text-classification	43	25126	25125
812	score-prediction	4	undefined	undefined
813	boosting	6	16736	16735
814	bayesian-optimization	14	16584	16583
815	wake-sleep-algorithm	1	16604	16603
816	id3-algorithm	4	16633	16632
818	accuracy	44	26059	26058
819	c4.5-algorithm	2	16683	16682
821	depth-first-search	11	16694	16693
822	ensemble-learning	21	16702	16701
823	novelty-search	4	16709	16708
824	bayesian-statistics	6	16734	16733
825	neural-turing-machine	5	16797	16796
827	gaussian-process	7	undefined	undefined
828	video-classification	13	undefined	undefined
833	principal-component-analysis	19	23390	23389
834	singular-value-decomposition	6	undefined	undefined
835	elastic-weight-consolidation	1	17211	17210
836	non-linear-regression	14	31748	31747
837	yolo	62	21858	21857
840	text-generation	22	undefined	undefined
842	momentum	6	25160	25159
843	adam	15	23541	23540
844	optimizers	9	25162	25161
849	mean-squared-error	22	26234	26233
850	categorical-crossentropy	9	undefined	undefined
852	pose-estimation	6	undefined	undefined
853	bayesian-deep-learning	21	17676	17675
854	meta-heuristics	13	17703	17702
855	padding	6	26599	26598
856	transpose-convolution	7	undefined	undefined
857	vanishing-gradient-problem	17	17767	17766
860	statistics	24	30254	30253
864	pddl	9	24510	24509
865	interpolation	4	undefined	undefined
873	elitism	2	17934	17933
874	space-complexity	9	17973	17972
875	stochastic-gradient-descent	31	20745	20744
876	genetic-operators	14	18061	18060
877	knowledge-base	8	18110	18109
878	apprenticeship-learning	5	18129	18128
879	multi-label-classification	27	18167	18166
880	numpy	6	18211	18210
882	darknet	4	undefined	undefined
884	filters	50	23165	23164
885	generator	9	25246	25245
886	discriminator	11	25244	25243
887	pseudocode	9	23041	23040
888	tensorflow-probability	3	18504	18503
889	neuroscience	18	18510	18509
891	caffe	2	18619	18618
892	natural-language-understanding	44	18643	18642
895	universal-approximation-theorems	26	18816	18815
898	humanoid-robots	2	19961	19960
899	theory-of-computation	7	19973	19972
900	bellman-equations	52	19977	19976
902	information-retrieval	8	20022	20021
903	bayesian-neural-networks	12	20078	20077
904	graph-neural-networks	76	20080	20079
905	dialogue-systems	5	20110	20109
906	human-robot-interaction	1	20112	20111
907	information-theory	13	20130	20129
908	minimum-description-length	3	20132	20131
909	feature-engineering	30	20134	20133
910	multi-task-learning	10	20154	20153
911	softmax	28	20217	20216
914	multi-armed-bandits	53	20296	20295
915	contextual-bandits	22	21326	21325
916	policy-evaluation	14	20332	20331
921	reservoir-computing	3	20550	20549
922	operant-conditioning	1	20582	20581
923	policy-improvement	6	20635	20634
924	bottlenecks	5	20747	20746
925	exploration-exploitation-tradeoff	29	20841	20840
926	knowledge-graph	9	20855	20854
927	testing	31	20906	20905
928	tf-idf	5	21623	21622
933	spacy	6	21304	21303
934	collaborative-filtering	3	21330	21329
939	physical-symbol-system-hypothesis	1	21126	21125
940	quiescence-search	5	21137	21136
942	sample-efficiency	14	21334	21333
943	spectral-analysis	6	21336	21335
944	deep-belief-network	5	21202	21201
945	sample-complexity	10	21223	21222
946	hypothesis-class	4	21225	21224
951	restricted-boltzmann-machine	12	21258	21257
952	deep-boltzmann-machine	2	21627	21626
956	a3c	13	21338	21337
957	cat-swarm-optimization	1	21344	21343
958	coq	2	21625	21624
959	echo-state-network	4	21495	21494
962	disentangled-representation	3	21753	21752
963	conceptual-dependency	2	21749	21748
964	hierarchical-softmax	1	21747	21746
966	td-lambda	12	21635	21634
967	one-shot-learning	5	21732	21731
968	fine-tuning	26	21730	21729
969	capsule-neural-network	13	21755	21754
970	topic-model	3	21757	21756
972	deep-neural-networks	162	21782	21781
973	deterministic-annealing	1	21816	21815
974	alexnet	9	21820	21819
975	fully-convolutional-networks	15	21827	21826
976	u-net	44	21842	21841
977	game-gan	1	21853	21852
978	vgg	10	21888	21887
979	named-entity-recognition	17	undefined	undefined
981	bag-of-features	3	21941	21940
982	content-based-image-retrieval	4	21943	21942
983	thompson-sampling	13	24625	24624
984	upper-confidence-bound	16	24224	24223
985	epsilon-greedy-policy	23	23873	23872
986	kaggle	2	21954	21953
988	cross-correlation	2	22024	22023
989	batch-size	15	22026	22025
990	r-cnn	13	22032	22031
991	pooling	31	22034	22033
992	credit-assignment-problem	4	22040	22039
993	data-augmentation	34	22061	22060
994	policy-based-methods	7	23870	23869
995	value-based-methods	9	23868	23867
996	stride	8	22117	22116
997	denoising-autoencoder	4	22153	22152
998	transition-model	12	22182	22181
1000	bootstrapping	4	22210	22209
1002	convolutional-layers	47	22253	22252
1003	feature-detection	1	22255	22254
1004	pos-tagging	2	22265	22264
1005	reward-shaping	23	22296	22295
1006	inverse-rl	12	22298	22297
1007	l2-regularization	7	26071	26070
1010	weight-normalization	5	undefined	undefined
1011	precision	9	undefined	undefined
1016	forward-pass	13	24015	24014
1017	dc-gan	4	undefined	undefined
1020	1d-convolution	5	22543	22542
1025	normalisation	24	undefined	undefined
1026	standardisation	9	undefined	undefined
1027	kl-divergence	20	22670	22669
1028	wasserstein-metric	6	25175	25174
1029	siri	2	25869	25868
1033	mnist	12	26446	26445
1036	td3	8	22903	22902
1037	reward-design	49	23940	23939
1040	bellman-operators	5	22980	22979
1041	reward-hacking	2	23008	23007
1042	imitation-learning	13	23018	23017
1044	kolmogorov-complexity	1	23120	23119
1045	mask-rcnn	12	23753	23752
1047	edge-detection	4	23225	23224
1048	canny-edge-detector	1	23230	23229
1049	imagination	2	23279	23278
1050	batch-learning	14	23340	23339
1051	google-translate	5	23406	23405
1052	domain-adaptation	5	undefined	undefined
1055	face-recognition	11	undefined	undefined
1057	production-systems	3	23495	23494
1058	jaccard-similarity	5	23515	23514
1059	zero-shot-learning	4	23534	23533
1060	kalman-filter	6	23537	23536
1061	adadelta	1	23539	23538
1062	non-max-suppression	9	23546	23545
1063	attn-gan	2	23589	23588
1064	stopping-conditions	4	23644	23643
1065	numerical-algorithms	8	23646	23645
1067	opencv	10	23697	23696
1068	binary-classification	47	23760	23759
1073	deep-face	1	23912	23911
1074	open-face	1	23914	23913
1075	sparse-rewards	7	23943	23942
1076	total-variational-distance	3	23954	23953
1077	connect-four	4	23956	23955
1078	reward-functions	76	23958	23957
1079	multi-objective-rl	5	23973	23972
1080	reward-to-go	4	24012	24011
1082	seq2seq	18	24017	24016
1083	bptt	2	24019	24018
1084	moth-flame-optimization	2	24061	24060
1085	curve-fitting	3	24105	24104
1087	weights-initialization	34	24214	24213
1089	natural-language-generation	17	24278	24277
1090	imbalanced-datasets	21	25136	25135
1091	constrained-optimization	17	25068	25067
1092	k-nearest-neighbors	7	undefined	undefined
1094	tic-tac-toe	14	24340	24339
1096	z3	1	24345	24344
1097	muzero	8	24352	24351
1098	frozen-lake	2	24371	24370
1099	double-dqn	23	24373	24372
1100	dense-rewards	2	undefined	undefined
1101	delayed-rewards	6	undefined	undefined
1103	labeled-datasets	6	undefined	undefined
1104	epochs	7	30258	30257
1105	gail	2	24432	24431
1106	taxonomy	2	25079	25078
1107	evidence-lower-bound	12	24463	24462
1108	conditional-vae	2	24461	24460
1109	bidirectional-search	3	24496	24495
1110	optimality	11	24498	24497
1113	potential-reward-shaping	4	24514	24513
1114	completeness	2	24518	24517
1116	learning-without-forgetting	1	24533	24532
1117	siamese-neural-network	10	27722	27721
1118	primality-test	2	24587	24586
1120	image-super-resolution	4	24600	24599
1121	trust-region-policy-optimization	20	24621	24620
1122	zero-sum-games	3	24619	24618
1123	exploration-strategies	21	24623	24622
1124	continuous-action-spaces	29	24627	24626
1125	discrete-action-spaces	8	24629	24628
1126	leaky-relu	1	24641	24640
1127	elu	2	24639	24638
1128	iid	11	24646	24645
1129	state-spaces	43	24654	24653
1130	continuous-state-spaces	8	24656	24655
1131	discrete-state-spaces	3	24658	24657
1132	dijkstras-algorithm	3	24723	24722
1133	shortest-path-problem	2	25931	25930
1134	action-spaces	37	24676	24675
1136	observation-spaces	8	24706	24705
1140	prims-algorithm	1	24721	24720
1141	roc-auc	5	undefined	undefined
1142	validation-loss	4	24726	24725
1143	c	2	24728	24727
1145	instance-segmentation	9	24746	24745
1146	pretext-tasks	3	24748	24747
1147	hindsight-experience-replay	11	24755	24754
1148	random-network-distillation	2	24763	24762
1149	pybullet	1	24765	24764
1150	hinge-loss	4	24771	24770
1151	c51	1	24775	24774
1152	embeddings	38	24779	24778
1153	variance-reduction	1	24783	24782
1154	reward-normalization	3	24781	24780
1155	entropy	7	24792	24791
1156	soft-actor-critic	22	24797	24796
1157	sudoku	2	24808	24807
1158	conjunctive-normal-form	1	24806	24805
1160	grad-cam	2	24815	24814
1162	stochastic-hill-climbing	2	24827	24826
1163	travelling-salesman-problem	5	24830	24829
1164	selection-bias	5	undefined	undefined
1165	uncertainty-quantification	14	24880	24879
1166	greedy-policy	2	24900	24899
1167	mini-batch-gradient-descent	18	24913	24912
1169	image-restoration	1	24949	24948
1170	iris-dataset	4	24959	24958
1171	neocognitron	1	24975	24974
1172	inductive-bias	4	24978	24977
1173	n-gram	2	24992	24991
1175	bag-of-words	7	24995	24994
1176	softmax-policy	4	24997	24996
1177	visual-place-recognition	1	25001	25000
1178	alpha-fold	5	25005	25004
1179	inception	5	25021	25020
1180	image-net	6	25023	25022
1181	selection-operators	5	25025	25024
1182	inductive-programming	3	25040	25039
1183	question-answering	23	25044	25043
1184	chromosomes	5	25050	25049
1185	hypothesis	1	25052	25051
1186	trap-functions	2	25070	25069
1189	rule-based-systems	7	25120	25119
1190	spectral-clustering	5	25147	25146
1191	gaussian-mixture-models	3	undefined	undefined
1193	evaluation-functions	19	25171	25170
1194	heuristic-functions	13	25169	25168
1195	intelligent-personal-assistants	2	25232	25231
1196	discriminative-model	1	25242	25241
1198	program-synthesis	1	25286	25285
1199	grid-search	1	25290	25289
1200	random-search	1	25292	25291
1201	training-datasets	33	25299	25298
1203	data-labelling	28	25303	25302
1204	labels	9	25305	25304
1205	reward-hypothesis	2	25310	25309
1207	test-datasets	15	25324	25323
1208	l1-regularization	8	26073	26072
1209	double-q-learning	5	25687	25686
1212	grammatical-evolution	2	25403	25402
1213	codon	2	25417	25416
1214	faster-r-cnn	12	25425	25424
1215	story-generation	2	25445	25444
1220	r1-regularization	1	25707	25706
1221	probability-theory	15	25550	25549
1223	single-shot-multibox-detector	5	25570	25569
1224	discretization	4	26226	26225
1228	board-games	10	26251	26250
1229	multiclass-classification	30	31516	31515
1232	few-shot-learning	7	undefined	undefined
1234	gradient	33	25705	25704
1236	kernel-trick	1	25664	25663
1237	lambda-return	1	25649	25648
1238	lambda-return-algorithm	1	25651	25650
1240	evolutionary-computation	6	25690	25689
1241	stemming	1	25694	25693
1242	lemmatization	2	25696	25695
1244	max-pooling	11	25700	25699
1246	drug-design	3	25719	25718
1247	reptile-algorithm	1	25721	25720
1248	binary-flower-pollination-algorithm	1	25723	25722
1249	time-step	1	25729	25728
1251	continuous-tasks	6	35799	35798
1252	model-agnostic-meta-learning	7	25758	25757
1253	mc-dropout	1	25765	25764
1256	books	48	25801	25800
1257	ctc-loss	4	undefined	undefined
1258	godel-machine	2	25816	25815
1259	encoder-decoder	11	undefined	undefined
1260	computational-theory-of-mind	3	25831	25830
1261	recurrent-layers	1	25834	25833
1262	xor-problem	13	25840	25839
1264	intractability	1	25846	25845
1265	bounding-box	15	25887	25886
1266	selective-search	2	25852	25851
1268	tgp	1	25859	25858
1270	island-models	1	26068	26067
1272	layers	4	25863	25862
1274	cortana	1	25867	25866
1276	markov-reward-process	1	25882	25881
1278	validation-datasets	9	25884	25883
1279	data-compression	10	25889	25888
1280	tile-coding	6	25891	25890
1281	coarse-coding	3	undefined	undefined
1282	human-activity-recognition	2	undefined	undefined
1287	capacity	7	25925	25924
1289	general-problem-solver	2	25933	25932
1290	dice-loss	1	25945	25944
1291	combinatorial-optimization	4	undefined	undefined
1292	soar	1	25955	25954
1294	text-detection	6	undefined	undefined
1295	wasserstein-gan	14	25977	25976
1296	turing-machine	2	26141	26140
1297	artificial-curiosity	3	31817	31816
1303	sophia	2	26000	25999
1304	case-based-reasoning	1	26006	26005
1305	instance-based-learning	1	26004	26003
1306	bayesian-inference	6	26026	26025
1307	knowledge-based-systems	4	26028	26027
1308	fitness-design	7	26048	26047
1309	template-matching	4	undefined	undefined
1310	model-request	61	26052	26051
1311	center-net	1	26054	26053
1312	coco-dataset	3	undefined	undefined
1313	validation	5	26061	26060
1314	behavioral-cloning	1	26078	26077
1315	8-queens-problem	2	26080	26079
1316	image-denoising	2	26082	26081
1317	fitness-proportionate-selection	1	26095	26094
1318	stochastic-universal-sampling	1	26097	26096
1320	firefly-algorithm	1	26109	26108
1321	unlabeled-datasets	3	26116	26115
1322	card-games	7	26118	26117
1323	emotion-recognition	5	undefined	undefined
1326	state-space-complexity	2	26143	26142
1328	semantic-segmentation	19	undefined	undefined
1329	adversarial-search	4	26170	26169
1330	8-puzzle-problem	2	26213	26212
1331	nilssons-heuristic-function	1	26211	26210
1332	root-mean-square	1	26478	26477
1333	decision-support-system	2	undefined	undefined
1334	sokoban-puzzle	1	26267	26266
1335	commonsense-knowledge	3	26269	26268
1336	semantic-networks	3	26271	26270
1339	regret	2	undefined	undefined
1341	ida-star	4	26370	26369
1343	algorithm-request	105	26359	26358
1344	iddfs	4	26368	26367
1346	uninformed-search	2	26428	26427
1347	green-ai	3	undefined	undefined
1349	variance	4	undefined	undefined
1351	object-tracking	4	undefined	undefined
1353	maxq	1	26683	26682
1354	gpt-3	12	30205	30204
1361	sse	1	26753	26752
1362	sift	3	26789	26788
1364	approximation-error	2	undefined	undefined
1366	multi-agent-rl	9	32351	32350
1368	binary-crossentropy	3	undefined	undefined
1369	normal-distribution	6	undefined	undefined
1370	uniform-distribution	2	undefined	undefined
1373	vectors	7	undefined	undefined
1374	variational-inference	9	32234	32233
1383	epistemic-uncertainty	2	undefined	undefined
1384	gpt-2	4	30207	30206
1387	philosophy-of-math	1	27647	27646
1390	mo-flow	1	27729	27728
1391	loocv	2	27751	27750
1393	recall	4	undefined	undefined
1394	policy-improvement-theorem	6	27823	27822
1395	style-transfer	9	undefined	undefined
1398	stability	4	undefined	undefined
1399	downsampling	4	undefined	undefined
1400	upsampling	4	undefined	undefined
1401	sparse-word-embedding	2	28052	28051
1402	positional-encoding	13	undefined	undefined
1403	vector-semantics	4	28050	28049
1405	k-fold-cv	6	28116	28115
1406	one-hot-encoding	3	undefined	undefined
1407	face-detection	6	undefined	undefined
1411	cbow	3	28182	28181
1413	bias	9	undefined	undefined
1414	logarithm	2	28219	28218
1416	intuition	2	28420	28419
1417	teacher-forcing	7	undefined	undefined
1419	sampling	3	28314	28313
1420	multi-action-rl	1	28361	28360
1421	layer-normalization	3	undefined	undefined
1424	vector-space	3	undefined	undefined
1425	pruning	3	undefined	undefined
1428	tecogan	1	28519	28518
1434	tanh	5	28576	28575
1435	input-layer	10	28580	28579
1437	sensitivity	3	undefined	undefined
1438	visual-recognition	2	undefined	undefined
1451	latent-dirichlet-allocation	1	28814	28813
1454	cosine-similarity	6	undefined	undefined
1456	contrastive-learning	7	undefined	undefined
1458	etymology	2	28868	28867
1461	tensor	12	undefined	undefined
2462	channel	8	31841	31840
2463	affine-transformations	4	undefined	undefined
2464	noise	4	undefined	undefined
2465	convex-function	3	undefined	undefined
2468	convolution-arithmetic	12	33817	33816
2473	flops	2	undefined	undefined
2474	non-euclidean-data	2	30168	30167
2479	rational-agents	2	undefined	undefined
2483	probabilistic-machine-learning	4	undefined	undefined
2485	density-estimation	5	undefined	undefined
2486	matrices	2	undefined	undefined
2487	image-transformations	2	undefined	undefined
2488	fid-score	2	30462	30461
2489	correlation	3	undefined	undefined
2490	dense-layers	18	undefined	undefined
2495	single-layer-perceptron	2	31605	31604
2496	prelu	1	31647	31646
2497	ergodicity	1	31663	31662
2498	feature-maps	6	32211	32210
2499	point-net	1	undefined	undefined
2500	philosophy-of-mind	2	undefined	undefined
2501	2d-convolution	6	undefined	undefined
2502	3d-convolution	10	undefined	undefined
2503	receptive-field	2	31975	31974
2504	gradient-clipping	2	undefined	undefined
2507	saliency-map	5	undefined	undefined
2509	particle-swarm-optimization	3	undefined	undefined
2510	average-pooling	2	undefined	undefined
2513	gradient-methods	2	32067	32066
2514	moea	1	32073	32072
2515	nsga-2	1	32076	32075
2516	state-representations	4	undefined	undefined
2517	dempster-shafer-theory	2	undefined	undefined
2519	vision-transformer	12	undefined	undefined
2520	facenet	4	undefined	undefined
2525	graph-isomorphism-network	2	undefined	undefined
2526	aevb-algorithm	1	32232	32231
2528	linformer	1	32294	32293
2532	mlops	6	undefined	undefined
2533	lpips	1	32366	32365
2534	psnr	1	32368	32367
2535	ssim	2	32370	32369
2540	bidirectional-rnn	4	undefined	undefined
2541	target-network	2	undefined	undefined
2542	stable-baselines	6	32523	32522
2543	reformer	2	undefined	undefined
2547	confusion-matrix	5	undefined	undefined
2548	network-design	15	32670	32669
2551	adversarial-attacks	4	32706	32705
2552	cycle-gan	4	undefined	undefined
2561	learning-agents	3	undefined	undefined
2562	cellular-neural-networks	3	undefined	undefined
2567	slam	3	32737	32736
2571	bayes-error-rate	1	32739	32738
2576	intelligence-quotient	2	undefined	undefined
2578	skip-connections	2	undefined	undefined
2580	triplet-loss-function	7	undefined	undefined
2583	fourier-transform	4	undefined	undefined
2585	optical-flow	2	undefined	undefined
2586	turing-award	2	undefined	undefined
2588	retrace	1	33835	33834
2590	turing-completeness	3	undefined	undefined
2595	bidirectional-lstm	2	undefined	undefined
2596	skip-gram	2	undefined	undefined
2598	projective-transformations	2	undefined	undefined
2601	knowledge-graph-embeddings	3	undefined	undefined
2602	neurosymbolic-ai	6	33932	33931
2605	state-space-search	2	undefined	undefined
2608	options	1	33989	33988
2612	informed-search	2	35807	35806
2614	efficient-det	2	undefined	undefined
2630	mobile-net-v2	2	undefined	undefined
2631	gnn	8	undefined	undefined
2632	graph-transformer	1	undefined	undefined
2633	copy-mechanism	1	undefined	undefined
2634	nmt	3	undefined	undefined
2635	neural-machine-translation	2	undefined	undefined
2636	gcn	3	undefined	undefined
2637	gat	3	undefined	undefined
2638	semantic-role-labeling	1	undefined	undefined
2639	attractor-networks	2	undefined	undefined
2640	generalized-mdp	1	undefined	undefined
2641	afterstate-value-functions	1	undefined	undefined
2643	episodic-tasks	3	35805	35804
2644	cartpole-problem	1	undefined	undefined
2645	spp-net	1	35358	35357
2646	spatial-transformer-networks	1	undefined	undefined
2647	stereo-matching	1	undefined	undefined
2649	batch-prediction	1	undefined	undefined
2650	online-prediction	1	undefined	undefined
2651	data-drift	2	undefined	undefined
2652	grad-cam++	2	35554	35553
2653	policy-gradient-theorem	4	35480	35479
2654	deterministic-pg-theorem	2	35476	35475
2655	theorems	1	35478	35477
2656	occams-razor	1	undefined	undefined
2657	umap	1	35503	35502
2660	confidence-intervals	1	undefined	undefined
2661	lunar-lander	1	35616	35615
2662	data-generation	1	undefined	undefined
2663	integrated-information-theory	2	35657	35656
2664	conditional-gan	1	35665	35664
2666	jensen-shannon-divergence	2	35710	35709
2667	portfolio-optimization	1	35713	35712
2669	speech-processing	1	undefined	undefined
2670	perplexity	1	35801	35800
2671	episodes	1	35844	35843
2672	ms-pacman	1	undefined	undefined
2673	bayesian-reinforcement-learning	2	35981	35980
2675	out-of-distribution-detection	1	undefined	undefined
2676	energy-based-models	1	undefined	undefined
